{"1129379_11129379011": {"user_avg_amount": 3890.407142857143, "user_std_amount": 13282.483908654012, "user_max_amount": 50000.0, "user_txn_frequency": 14, "user_international_ratio": 0.14285714285714285, "current_month_spending": 0.0, "user_transaction_velocity": 0, "user_weekly_total": 0.0, "user_weekly_txn_count": 0, "user_weekly_avg_amount": 0.0, "user_weekly_deviation": 0.0}, "1000016_11000016019": {"user_avg_amount": 9124.090666666665, "user_std_amount": 19093.325413608953, "user_max_amount": 96639.45, "user_txn_frequency": 52, "user_international_ratio": 0.9333333333333333, "current_month_spending": 66000.0, "user_transaction_velocity": 0, "user_weekly_total": 0.0, "user_weekly_txn_count": 0, "user_weekly_avg_amount": 0.0, "user_weekly_deviation": 0.0}, "1000016_11000016019_session_spending": 66000.0}