{
  "threshold": 2.0,
  "mean": 0.08930740872486792,
  "std": 1.1038432841067765,
  "k": 1.73,
  "computed_at": "2026-01-13T00:00:00.000000",
  "n_samples": 3502,
  "n_features": 43
}